Date,AAPL,GOOG,MSFT,TSLA
2020-01-02,72.40052032470703,67.81177520751953,152.15841674804688,28.68400001525879
2020-01-03,71.69661712646484,67.47900390625,150.2637481689453,29.534000396728516
2020-01-06,72.2679443359375,69.14283752441406,150.6521453857422,30.1026668548584
2020-01-07,71.92803192138672,69.09970092773438,149.27854919433594,31.270666122436523
2020-01-08,73.08513641357422,69.64421844482422,151.6562957763672,32.80933380126953
2020-01-09,74.63748931884766,70.41341400146484,153.5509796142578,32.089332580566406
2020-01-10,74.80620574951172,70.90438842773438,152.84051513671875,31.876667022705078
2020-01-13,76.4043960571289,71.37550354003906,154.67822265625,34.990665435791016
2020-01-14,75.37272644042969,70.9614028930664,153.58885192871094,35.861331939697266
2020-01-15,75.04969024658203,71.37403106689453,154.58349609375,34.56666564941406
2020-01-16,75.98982238769531,71.99394226074219,157.41603088378906,34.232666015625
2020-01-17,76.83110809326172,73.41674041748047,158.29702758789062,34.03333282470703
2020-01-21,76.3104248046875,73.6156234741211,157.72866821289062,36.47999954223633
2020-01-22,76.58280181884766,73.69249725341797,156.9707794189453,37.97066879272461
2020-01-23,76.95161437988281,73.72721099853516,157.93702697753906,38.14666748046875
2020-01-24,76.72984313964844,72.73832702636719,156.34556579589844,37.654666900634766
2020-01-27,74.47359466552734,71.11117553710938,153.7309112548828,37.201332092285156
2020-01-28,76.58038330078125,72.03659057617188,156.74346923828125,37.793331146240234
2020-01-29,78.18341064453125,72.33761596679688,159.1875,38.732666015625
2020-01-30,78.0700912475586,72.1992416381836,163.67782592773438,42.72066879272461
2020-01-31,74.60858917236328,71.12754821777344,161.2621307373047,43.371334075927734
2020-02-03,74.4036636352539,73.6919937133789,165.1935272216797,52.0
2020-02-04,76.86000061035156,71.76432037353516,170.63111877441406,59.137332916259766
2020-02-05,77.48676300048828,71.82184600830078,170.4226837158203,48.97999954223633
2020-02-06,78.39311981201172,73.21044158935547,173.95620727539062,49.930667877197266
2020-02-07,77.3275375366211,73.35922241210938,174.20249938964844,49.871334075927734
2020-02-10,77.69483184814453,74.81973266601562,178.75914001464844,51.41866683959961
2020-02-11,77.22605895996094,74.82518768310547,174.72352600097656,51.62533187866211
2020-02-12,79.05999755859375,75.29533386230469,174.97933959960938,51.15266799926758
2020-02-13,78.49700927734375,75.11629486083984,174.03201293945312,53.599998474121094
2020-02-14,78.51636505126953,75.4178237915039,175.58558654785156,53.33533477783203
2020-02-18,77.07864379882812,75.36475372314453,177.36659240722656,57.22666549682617
2020-02-19,78.19498443603516,75.71289825439453,177.89852905273438,61.16133117675781
2020-02-20,77.39277648925781,75.28938293457031,175.18177795410156,59.96066665649414
2020-02-21,75.64099884033203,73.65082550048828,169.643798828125,60.06666564941406
2020-02-24,72.04801177978516,70.50070190429688,162.3295440673828,55.58599853515625
2020-02-25,69.60759735107422,68.85718536376953,159.65078735351562,53.32733154296875
2020-02-26,70.71182250976562,69.09175872802734,161.6456298828125,51.91999816894531
2020-02-27,66.08953857421875,65.36784362792969,150.2561798095703,45.266666412353516
2020-02-28,66.05085754394531,66.42118072509766,153.8943634033203,44.53266525268555
2020-03-02,72.20023345947266,68.8899154663086,164.13433837890625,49.574668884277344
2020-03-03,69.90719604492188,66.52335357666016,156.26918029785156,49.70066833496094
2020-03-04,73.14984130859375,68.76146697998047,162.00656127929688,49.96666717529297
2020-03-05,70.77705383300781,65.41496276855469,157.9409637451172,48.30266571044922
2020-03-06,69.83712768554688,64.39183807373047,153.4764404296875,46.89866638183594
2020-03-09,64.3135757446289,60.28307342529297,143.07492065429688,40.53333282470703
2020-03-10,68.94554138183594,63.4981803894043,152.85897827148438,43.02199935913086
2020-03-11,66.55101776123047,60.27564239501953,145.9341583251953,42.28200149536133
2020-03-12,59.97879409790039,55.29155731201172,132.09400939941406,37.369998931884766
2020-03-13,67.16474151611328,60.48987579345703,150.87368774414062,36.44133377075195
2020-03-16,58.52421569824219,53.77500915527344,128.63632202148438,29.67133331298828
2020-03-17,61.0975341796875,55.5340690612793,139.22784423828125,28.68000030517578
2020-03-18,59.60186767578125,54.393428802490234,133.36688232421875,24.08133316040039
2020-03-19,59.145198822021484,55.31040573120117,135.5611572265625,28.50933265686035
2020-03-20,55.390323638916016,53.17939758300781,130.46969604492188,28.50200080871582
2020-03-23,54.213619232177734,52.400794982910156,129.16827392578125,28.952667236328125
2020-03-24,59.65260696411133,56.26110076904297,140.90908813476562,33.66666793823242
2020-03-25,59.323997497558594,54.67561721801758,139.56028747558594,35.95000076293945
2020-03-26,62.4458122253418,57.6144905090332,148.28990173339844,35.21066665649414
2020-03-27,59.860408782958984,55.08326721191406,142.20103454589844,34.29066848754883
2020-03-30,61.56869888305664,56.87407302856445,152.2035369873047,33.47533416748047
2020-03-31,61.443050384521484,57.667057037353516,149.8097686767578,34.93333435058594
2020-04-01,58.21009826660156,54.83083724975586,144.4902801513672,32.104000091552734
2020-04-02,59.18143081665039,55.58564758300781,147.48248291015625,30.29800033569336
2020-04-03,58.3309211730957,54.44699478149414,146.12413024902344,32.000667572021484
2020-04-06,63.41954803466797,58.86273193359375,156.99105834960938,34.41600036621094
2020-04-07,62.685001373291016,58.8424072265625,155.3002166748047,36.36333465576172
2020-04-08,64.2894058227539,60.0212287902832,156.8581085205078,36.589332580566406
2020-04-09,64.75332641601562,60.07925033569336,156.86756896972656,38.20000076293945
2020-04-13,66.02427673339844,60.38226318359375,157.21905517578125,43.39666748046875
2020-04-14,69.35872650146484,62.944725036621094,164.998779296875,47.32600021362305
2020-04-15,68.72564697265625,62.60947799682617,163.2699737548828,48.65533447265625
2020-04-16,69.27173614501953,62.65906524658203,168.17147827148438,49.680667877197266
2020-04-17,68.33181762695312,63.6400146484375,169.6533203125,50.259334564208984
2020-04-20,66.91345977783203,62.814796447753906,166.29066467285156,49.75733184814453
2020-04-21,64.84514617919922,60.32175827026367,159.41334533691406,45.781333923339844
2020-04-22,66.71290588378906,62.646183013916016,164.82781982421875,48.807334899902344
2020-04-23,66.45439147949219,63.295841217041016,162.83299255371094,47.04199981689453
2020-04-24,68.37288665771484,63.44462203979492,165.80621337890625,48.34333419799805
2020-04-27,68.42120361328125,63.27451705932617,165.33123779296875,53.25
2020-04-28,67.3121566772461,61.18120193481445,161.3036346435547,51.27466583251953
2020-04-29,69.52303314208984,66.52780151367188,168.5419158935547,53.367332458496094
2020-04-30,70.98968505859375,66.88388061523438,170.23280334472656,52.12533187866211
2020-05-01,69.8468017578125,65.49281311035156,165.82522583007812,46.75466537475586
2020-05-04,70.83501434326172,65.7997817993164,169.8812713623047,50.74599838256836
2020-05-05,71.89822387695312,67.00538635253906,171.70509338378906,51.2140007019043
2020-05-06,72.6399917602539,66.81643676757812,173.3959197998047,52.172000885009766
2020-05-07,73.3914566040039,68.06916046142578,174.40284729003906,52.00266647338867
2020-05-08,75.13829040527344,68.85322570800781,175.42872619628906,54.62799835205078
2020-05-11,76.32063293457031,69.59166717529297,177.38555908203125,54.08599853515625
2020-05-12,75.44841766357422,68.22686767578125,173.36744689941406,53.96066665649414
2020-05-13,74.53743743896484,66.9171142578125,170.74569702148438,52.73066711425781
2020-05-14,74.99535369873047,67.25434875488281,171.4866180419922,53.55533218383789
2020-05-15,74.55197143554688,68.10040283203125,173.98492431640625,53.27799987792969
2020-05-18,76.30848693847656,68.6335220336914,175.6472625732422,54.242000579833984
2020-05-19,75.8675537109375,68.11503601074219,174.4313507080078,53.867332458496094
2020-05-20,77.34304809570312,69.76323699951172,176.85086059570312,54.37066650390625
2020-05-21,76.76643371582031,69.56884765625,174.7266082763672,55.17333221435547
2020-05-22,77.26067352294922,69.94674682617188,174.80287170410156,54.45866775512695
2020-05-26,76.73735809326172,70.2740478515625,172.9548797607422,54.591331481933594
2020-05-27,77.07167053222656,70.31471252441406,173.18350219726562,54.68199920654297
2020-05-28,77.1056137084961,70.25967407226562,172.79295349121094,53.72066879272461
2020-05-29,77.0304946899414,70.86421203613281,174.55520629882812,55.66666793823242
2020-06-01,77.97782897949219,71.00801849365234,174.15513610839844,59.87333297729492
2020-06-02,78.33881378173828,71.37501525878906,176.13644409179688,58.770668029785156
2020-06-03,78.77006530761719,71.23417663574219,176.56509399414062,58.86399841308594
2020-06-04,78.09168243408203,70.03402709960938,174.24081420898438,57.62533187866211
2020-06-05,80.3158187866211,71.3338623046875,178.31776428222656,59.04399871826172
2020-06-08,80.7906723022461,71.74150848388672,179.42274475097656,63.327999114990234
2020-06-09,83.34190368652344,72.21512603759766,180.79440307617188,62.711334228515625
2020-06-10,85.48604583740234,72.69567108154297,187.50033569335938,68.336669921875
2020-06-11,81.38185119628906,69.62042236328125,177.4319305419922,64.85600280761719
2020-06-12,82.08445739746094,70.08362579345703,178.83213806152344,62.35200119018555
2020-06-15,83.09962463378906,70.41439819335938,179.97520446777344,66.05999755859375
2020-06-16,85.30194091796875,71.54859924316406,184.38552856445312,65.47533416748047
2020-06-17,85.18323516845703,71.96516418457031,185.02374267578125,66.11933135986328
2020-06-18,85.21715545654297,71.21334075927734,187.0050811767578,66.9306640625
2020-06-19,84.73015594482422,71.00306701660156,185.89053344726562,66.72666931152344
2020-06-22,86.947021484375,72.00186920166016,191.05340576171875,66.28800201416016
2020-06-23,88.80289459228516,72.62425231933594,192.32980346679688,66.78533172607422
2020-06-24,87.2353286743164,71.01547241210938,188.45289611816406,64.0566635131836
2020-06-25,88.39342498779297,71.47965240478516,190.8343048095703,65.73200225830078
2020-06-26,85.677490234375,67.4413070678711,187.01455688476562,63.982666015625
2020-06-29,87.65204620361328,69.18052673339844,189.02444458007812,67.29000091552734
2020-06-30,88.38375091552734,70.10493469238281,193.85391235351562,71.98733520507812
2020-07-01,88.2165756225586,71.31649780273438,194.98744201660156,74.64199829101562
2020-07-02,88.2165756225586,72.63864135742188,196.473388671875,80.57733154296875
2020-07-06,90.57637023925781,74.176025390625,200.70272827148438,91.43866729736328
2020-07-07,90.29531860351562,73.65430450439453,198.36898803710938,92.65733337402344
2020-07-08,92.39830017089844,74.19091033935547,202.73170471191406,91.05867004394531
2020-07-09,92.795654296875,74.93428802490234,204.15101623535156,92.9520034790039
2020-07-10,92.95796203613281,76.45927429199219,203.5318145751953,102.97666931152344
2020-07-13,92.52914428710938,74.95165252685547,197.2449951171875,99.80400085449219
2020-07-14,94.06037139892578,75.40989685058594,198.46426391601562,101.12000274658203
2020-07-15,94.70726013183594,75.06572723388672,198.16897583007812,103.06732940673828
2020-07-16,93.54188537597656,75.28194427490234,194.24449157714844,100.04266357421875
2020-07-17,93.3529052734375,75.16043090820312,193.25381469726562,100.05599975585938
2020-07-20,95.32022094726562,77.64852142333984,201.56004333496094,109.53333282470703
2020-07-21,94.00462341308594,77.2864761352539,198.84527587890625,104.55733489990234
2020-07-22,94.26870727539062,77.78588104248047,201.70291137695312,106.15533447265625
2020-07-23,89.97796630859375,75.16687774658203,192.92987060546875,100.87133026123047
2020-07-24,89.75504302978516,74.97793579101562,191.7487335205078,94.46666717529297
2020-07-27,91.88227081298828,75.88697052001953,194.1777801513672,102.63999938964844
2020-07-28,90.37284851074219,74.4061279296875,192.4345703125,98.43267059326172
2020-07-29,92.10517120361328,75.4813003540039,194.3778076171875,99.94066619873047
2020-07-30,93.21966552734375,75.94895935058594,194.22535705566406,99.16600036621094
2020-07-31,102.97869110107422,73.54419708251953,195.28268432617188,95.38400268554688
2020-08-03,105.57351684570312,73.1221694946289,206.26565551757812,99.0
2020-08-04,106.27853393554688,72.65203094482422,203.16981506347656,99.13333129882812
2020-08-05,106.66374969482422,73.08051300048828,202.83645629882812,99.00133514404297
2020-08-06,110.38517761230469,74.39422607421875,206.0846405029297,99.30533599853516
2020-08-07,107.87548065185547,74.11600494384766,202.39828491210938,96.84733581542969
2020-08-10,109.44344329833984,74.19584655761719,198.36898803710938,94.57133483886719
2020-08-11,106.18860626220703,73.41327667236328,193.73007202148438,91.6259994506836
2020-08-12,109.71771240234375,74.71758270263672,199.264404296875,103.65066528320312
2020-08-13,111.65946197509766,75.30426025390625,198.79763793945312,108.06666564941406
2020-08-14,111.55995178222656,74.77262115478516,198.9881134033203,110.04733276367188
2020-08-17,111.26868438720703,75.28094482421875,200.30270385742188,122.3759994506836
2020-08-18,112.19586181640625,77.29541778564453,201.45523071289062,125.80599975585938
2020-08-19,112.33662414550781,76.74641418457031,200.23306274414062,125.23533630371094
2020-08-20,114.82933044433594,78.4434814453125,204.89271545410156,133.45533752441406
2020-08-21,120.74674987792969,78.37752532958984,203.40318298339844,136.6653289794922
2020-08-24,122.19093322753906,78.76335906982422,204.04290771484375,134.27999877929688
2020-08-25,121.18850708007812,79.7562026977539,206.6974334716797,134.8893280029297
2020-08-26,122.8365707397461,81.94624328613281,211.16616821289062,143.54466247558594
2020-08-27,121.36812591552734,81.05107116699219,216.35098266601562,149.25
2020-08-28,121.17152404785156,81.55095672607422,218.5758056640625,147.55999755859375
2020-08-31,125.28069305419922,81.04363250732422,215.3484344482422,166.10667419433594
2020-09-01,130.27093505859375,82.35932922363281,217.0098419189453,158.35000610351562
2020-09-02,127.57192993164062,85.7103271484375,221.1920623779297,149.1233367919922
2020-09-03,117.35843658447266,81.42351531982422,207.4899139404297,135.6666717529297
2020-09-04,117.43611907958984,78.90420532226562,204.57762145996094,139.44000244140625
2020-09-08,109.53326416015625,75.99557495117188,193.51089477539062,110.06999969482422
2020-09-09,113.90216064453125,77.21407318115234,201.75123596191406,122.09333038330078
2020-09-10,110.18372344970703,75.97721862792969,196.09852600097656,123.77999877929688
2020-09-11,108.7371597290039,75.4168472290039,194.8190460205078,124.23999786376953
2020-09-14,111.99923706054688,75.34542083740234,196.13673400878906,139.8733367919922
2020-09-15,112.17400360107422,76.44438171386719,199.35458374023438,149.9199981689453
2020-09-16,108.86333465576172,75.42575073242188,195.79298400878906,147.25332641601562
2020-09-17,107.12549591064453,74.16758728027344,193.74957275390625,141.14332580566406
2020-09-18,103.72746276855469,72.40505981445312,191.34335327148438,147.38333129882812
2020-09-21,106.87308502197266,70.97529602050781,193.39622497558594,149.79666137695312
2020-09-22,108.55267333984375,72.67634582519531,198.05599975585938,141.41000366210938
2020-09-23,103.99931335449219,70.18429565429688,191.53433227539062,126.78666687011719
2020-09-24,105.06726837158203,70.83296203613281,194.01693725585938,129.26333618164062
2020-09-25,109.00897979736328,71.65967559814453,198.43792724609375,135.77999877929688
2020-09-28,111.61090850830078,72.62971496582031,199.9847869873047,140.39999389648438
2020-09-29,110.7662582397461,72.8682632446289,197.9031982421875,139.69000244140625
2020-09-30,112.43611907958984,72.88164520263672,200.83462524414062,143.00332641601562
2020-10-01,113.38758850097656,73.8978042602539,202.8684539794922,149.3866729736328
2020-10-02,109.72742462158203,72.32719421386719,196.88148498535156,138.3633270263672
2020-10-05,113.10604858398438,73.69595336914062,200.8823699951172,141.89332580566406
2020-10-06,109.86336517333984,72.0802230834961,196.61415100097656,137.9933319091797
2020-10-07,111.72743225097656,72.41992950439453,200.3572235107422,141.76666259765625
2020-10-08,111.62060546875,73.69149780273438,201.07333374023438,141.97332763671875
2020-10-09,113.56233978271484,75.1440658569336,206.06719970703125,144.6666717529297
2020-10-12,120.7759017944336,77.818603515625,211.40484619140625,147.43333435058594
2020-10-13,117.57203674316406,77.94408416748047,212.79896545410156,148.88333129882812
2020-10-14,117.65941619873047,77.76554870605469,210.88925170898438,153.76666259765625
2020-10-15,117.19340515136719,77.32168579101562,209.74339294433594,149.6266632080078
2020-10-16,115.55262756347656,78.01004028320312,209.74339294433594,146.55667114257812
2020-10-19,112.60120391845703,76.10567474365234,204.5489959716797,143.61000061035156
2020-10-20,114.08660125732422,77.16300964355469,204.9595947265625,140.64666748046875
2020-10-21,113.46525573730469,79.01676940917969,205.10279846191406,140.8800048828125
2020-10-22,112.37789154052734,80.10881042480469,205.18873596191406,141.92999267578125
2020-10-23,111.68859100341797,81.3818588256836,206.46827697753906,140.2100067138672
2020-10-26,111.69828796386719,78.87493896484375,200.59591674804688,140.0933380126953
2020-10-27,113.20313262939453,79.55980682373047,203.622802734375,141.55999755859375
2020-10-28,107.96043395996094,75.2135009765625,193.52996826171875,135.33999633789062
2020-10-29,111.96041870117188,77.72388458251953,195.47787475585938,136.94332885742188
2020-10-30,105.6886215209961,80.39048767089844,193.32945251464844,129.34666442871094
2020-11-02,105.60122680664062,80.63945007324219,193.19577026367188,133.50332641601562
2020-11-03,107.22258758544922,81.83860778808594,197.1106414794922,141.3000030517578
2020-11-04,111.6011962890625,86.74433135986328,206.6210174560547,140.32666015625
2020-11-05,115.56233978271484,87.45053100585938,213.2095489501953,146.02999877929688
2020-11-06,115.43103790283203,87.37019348144531,213.6201171875,143.31666564941406
2020-11-09,113.12610626220703,87.43218231201172,208.5307159423828,140.4199981689453
2020-11-10,112.7857437133789,86.31089782714844,201.48390197753906,136.7866668701172
2020-11-11,116.20905303955078,86.92188262939453,206.77377319335938,139.0433349609375
2020-11-12,115.93675231933594,86.77954864501953,205.71389770507812,137.25332641601562
2020-11-13,115.98539733886719,88.1274642944336,206.73561096191406,136.1666717529297
2020-11-16,116.99681854248047,88.34370422363281,207.42311096191406,136.02999877929688
2020-11-17,116.11182403564453,87.7867660522461,204.77816772460938,147.20333862304688
2020-11-18,114.78915405273438,86.62777709960938,202.07843017578125,162.2133331298828
2020-11-19,115.38241577148438,87.47781372070312,203.3612518310547,166.42333984375
2020-11-20,114.11811065673828,86.400146484375,201.41783142089844,163.20333862304688
2020-11-23,110.72393798828125,86.03663635253906,201.1497802734375,173.9499969482422
2020-11-24,112.00769805908203,87.72380065917969,204.73985290527344,185.1266632080078
2020-11-25,112.8440933227539,87.85026550292969,204.7494659423828,191.3333282470703
2020-11-27,113.38871002197266,88.92939758300781,206.05145263671875,195.25332641601562
2020-11-30,115.78116607666016,87.32011413574219,204.94093322753906,189.1999969482422
2020-12-01,119.35038757324219,89.17289733886719,206.9897003173828,194.9199981689453
2020-12-02,119.70050811767578,90.65324401855469,206.1854705810547,189.60667419433594
2020-12-03,119.56436920166016,90.59471893310547,205.1036834716797,197.7933349609375
2020-12-04,118.89330291748047,90.65523529052734,205.2185516357422,199.67999267578125
2020-12-07,120.35211944580078,90.23320007324219,205.15151977539062,213.9199981689453
2020-12-08,120.96481323242188,90.18706512451172,206.79820251464844,216.6266632080078
2020-12-09,118.43619537353516,88.48009490966797,202.76771545410156,201.4933319091797
2020-12-10,119.85611724853516,88.04367065429688,201.54226684570312,209.02333068847656
2020-12-11,119.04891204833984,88.363037109375,204.16543579101562,203.3300018310547
2020-12-14,118.43619537353516,87.28639221191406,205.0653533935547,213.27667236328125
2020-12-15,124.36869049072266,87.66873931884766,204.9983673095703,211.0833282470703
2020-12-16,124.30062866210938,87.43218231201172,209.92877197265625,207.58999633789062
2020-12-17,125.16618347167969,86.6833267211914,210.06277465820312,218.63333129882812
2020-12-18,123.18221282958984,85.84571838378906,209.2681427001953,231.6666717529297
2020-12-21,124.70909118652344,86.26030731201172,213.09756469726562,216.6199951171875
2020-12-22,128.25885009765625,85.47327423095703,214.3899688720703,213.44667053222656
2020-12-23,127.3641586303711,85.91366577148438,211.59446716308594,215.32666015625
2020-12-24,128.3463897705078,86.2345199584961,213.25074768066406,220.58999633789062
2020-12-28,132.93679809570312,88.08135223388672,215.36651611328125,221.22999572753906
2020-12-29,131.16673278808594,87.21992492675781,214.59100341796875,221.99667358398438
2020-12-30,130.04837036132812,86.26774597167969,212.22637939453125,231.5933380126953
2020-12-31,129.046630859375,86.88070678710938,212.93479919433594,235.22332763671875
2021-01-04,125.8567123413086,85.7083511352539,208.40652465820312,243.2566680908203
2021-01-05,127.41273498535156,86.3371810913086,208.6075439453125,245.0366668701172
2021-01-06,123.12384796142578,86.05797576904297,203.19850158691406,251.9933319091797
2021-01-07,127.32524108886719,88.63481140136719,208.98094177246094,272.0133361816406
2021-01-08,128.42422485351562,89.62469482421875,210.2542266845703,293.3399963378906
2021-01-11,125.4384994506836,87.6166763305664,208.21507263183594,270.39666748046875
2021-01-12,125.26343536376953,86.61638641357422,205.7642059326172,283.14666748046875
2021-01-13,127.29606628417969,87.00569152832031,207.11410522460938,284.8033447265625
2021-01-14,125.37043762207031,86.30048370361328,203.9357147216797,281.6666564941406
2021-01-15,123.6490249633789,86.10260009765625,203.5814666748047,275.38665771484375
2021-01-19,124.32007598876953,88.8138427734375,207.2098388671875,281.51666259765625
2021-01-20,128.40475463867188,93.57672882080078,214.77294921875,283.48333740234375
2021-01-21,133.11187744140625,93.79248046875,215.3760528564453,281.663330078125
2021-01-22,135.25146484375,94.27848052978516,216.31427001953125,282.21331787109375
2021-01-25,138.9957275390625,94.19664764404297,219.74160766601562,293.6000061035156
2021-01-26,139.2291717529297,95.08137512207031,222.42227172851562,294.36334228515625
2021-01-27,138.1593475341797,90.79409790039062,222.96788024902344,288.0533447265625
2021-01-28,133.32582092285156,92.39693450927734,228.74073791503906,278.4766540527344
2021-01-29,128.33663940429688,91.0395736694336,222.0679931640625,264.510009765625
2021-02-01,130.45680236816406,94.29336547851562,229.42999267578125,279.9366760253906
2021-02-02,131.28350830078125,95.59071350097656,229.29600524902344,290.92999267578125
2021-02-03,130.2622833251953,102.6606674194336,232.63717651367188,284.89666748046875
2021-02-04,133.61758422851562,102.27879333496094,231.68939208984375,283.3299865722656
2021-02-05,133.20362854003906,104.04579162597656,231.87127685546875,284.07666015625
2021-02-08,133.3497314453125,103.79336547851562,232.1298065185547,287.8066711425781
2021-02-09,132.47311401367188,103.32718658447266,233.37435913085938,283.1533203125
2021-02-10,131.8692626953125,103.91585540771484,232.46485900878906,268.2733459472656
2021-02-11,131.6160125732422,103.9411392211914,234.0636749267578,270.5533447265625
2021-02-12,131.84974670410156,104.34880065917969,234.5423583984375,272.0400085449219
2021-02-16,129.72647094726562,105.2310562133789,233.3072967529297,265.40667724609375
2021-02-17,127.43759155273438,105.5489501953125,234.32444763183594,266.04998779296875
2021-02-18,126.33697509765625,104.99796295166016,233.9310302734375,262.4599914550781
2021-02-19,126.49280548095703,104.20149993896484,231.22508239746094,260.4333190917969
2021-02-22,122.72342681884766,102.40328216552734,225.02630615234375,238.1666717529297
2021-02-23,122.58708190917969,102.6998519897461,223.83645629882812,232.94667053222656
2021-02-24,122.09033966064453,103.90544128417969,225.06471252441406,247.33999633789062
2021-02-25,117.84373474121094,100.74092102050781,219.72959899902344,227.4066619873047
2021-02-26,118.106689453125,101.01368713378906,222.98245239257812,225.1666717529297
2021-03-01,124.46688842773438,103.22799682617188,227.35804748535156,239.47666931152344
2021-03-02,121.86631774902344,102.94681549072266,224.4121856689453,228.81333923339844
2021-03-03,118.88590240478516,100.51033020019531,218.35736083984375,217.73333740234375
2021-03-04,117.00607299804688,101.62020111083984,217.56094360351562,207.14666748046875
2021-03-05,118.26253509521484,104.56849670410156,222.23399353027344,199.31666564941406
2021-03-08,113.33412170410156,100.38436126708984,218.1942596435547,187.6666717529297
2021-03-09,117.94112396240234,101.79923248291016,224.32583618164062,224.52667236328125
2021-03-10,116.8599853515625,101.914794921875,223.02081298828125,222.68666076660156
2021-03-11,118.78849792480469,104.87747192382812,227.5403289794922,233.1999969482422
2021-03-12,117.88268280029297,102.25647735595703,226.21620178222656,231.2433319091797
2021-03-15,120.76569366455078,102.48311614990234,225.31417846679688,235.97999572753906
2021-03-16,122.30463409423828,103.77401733398438,228.096923828125,225.6266632080078
2021-03-17,121.51568603515625,103.70260620117188,227.4540252685547,233.93666076660156
2021-03-18,117.39570617675781,100.98193359375,221.3896026611328,217.72000122070312
2021-03-19,116.86971282958984,101.3281021118164,221.03457641601562,218.2899932861328
2021-03-22,120.18131256103516,101.09947204589844,226.4464874267578,223.3333282470703
2021-03-23,119.35340881347656,101.81212615966797,227.97218322753906,220.72000122070312
2021-03-24,116.96710205078125,101.42034912109375,225.93789672851562,210.08999633789062
2021-03-25,117.4541244506836,101.38563537597656,222.94407653808594,213.4633331298828
2021-03-26,118.05801391601562,100.9487075805664,226.91665649414062,206.23666381835938
2021-03-29,118.23331451416016,101.96041107177734,225.726806640625,203.76333618164062
2021-03-30,116.78206634521484,101.94007873535156,222.473876953125,211.8733367919922
2021-03-31,118.97356414794922,102.58924865722656,226.23536682128906,222.64332580566406
2021-04-01,119.80145263671875,106.01708984375,232.54930114746094,220.5833282470703
2021-04-05,122.62606048583984,110.37134552001953,238.9975128173828,230.35000610351562
2021-04-06,122.927978515625,110.3316879272461,237.83645629882812,230.5399932861328
2021-04-07,124.57403564453125,111.56803131103516,239.79393005371094,223.6566619873047
2021-04-08,126.97004699707031,112.34962463378906,243.0084686279297,227.93333435058594
2021-04-09,129.5414276123047,113.36329650878906,245.50332641601562,225.67333984375
2021-04-12,127.82720184326172,111.82144927978516,245.5609130859375,233.9933319091797
2021-04-13,130.9342041015625,112.44036865234375,248.0365447998047,254.10667419433594
2021-04-14,128.59661865234375,111.82393646240234,245.2538299560547,244.07666015625
2021-04-15,131.0023956298828,113.89789581298828,249.00575256347656,246.28334045410156
2021-04-16,130.6712188720703,113.95245361328125,250.195556640625,246.5933380126953
2021-04-19,131.33355712890625,114.18257904052734,248.27645874023438,238.2100067138672
2021-04-20,129.6485595703125,113.74765014648438,247.8158416748047,239.663330078125
2021-04-21,130.0283966064453,113.73075866699219,250.04200744628906,248.0399932861328
2021-04-22,128.50901794433594,112.47259521484375,246.76995849609375,239.89666748046875
2021-04-23,130.82708740234375,114.82231140136719,250.58897399902344,243.13333129882812
2021-04-26,131.2166748046875,115.38965606689453,250.9727783203125,246.06666564941406
2021-04-27,130.895263671875,114.4166488647461,251.37583923339844,234.913330078125
2021-04-28,130.1063690185547,118.02650451660156,244.2655029296875,231.46665954589844
2021-04-29,130.00894165039062,120.50515747070312,242.2983856201172,225.6666717529297
2021-04-30,128.04148864746094,119.52471160888672,241.98171997070312,236.47999572753906
2021-05-03,129.09335327148438,118.78329467773438,241.67465209960938,228.3000030517578
2021-05-04,124.52532958984375,116.75396728515625,237.76925659179688,224.53334045410156
2021-05-05,124.76884460449219,116.87743377685547,236.50265502929688,223.64666748046875
2021-05-06,126.36618041992188,118.0979232788086,239.63082885742188,221.17999267578125
2021-05-07,127.03936767578125,118.95787048339844,242.2504119873047,224.1233367919922
2021-05-10,123.76119232177734,116.12958526611328,237.18392944335938,209.67999267578125
2021-05-11,122.8440933227539,114.49797821044922,236.27235412597656,205.73333740234375
2021-05-12,119.78054809570312,111.04234313964844,229.33473205566406,196.6300048828125
2021-05-13,121.92697143554688,112.17752838134766,233.2017822265625,190.56333923339844
2021-05-14,124.34659576416016,114.8649673461914,238.11468505859375,196.5800018310547
2021-05-17,123.1953353881836,115.12532806396484,235.2648162841797,192.27667236328125
2021-05-18,121.80989837646484,114.23365020751953,233.249755859375,192.6233367919922
2021-05-19,121.6537857055664,114.4955062866211,233.82681274414062,187.82000732421875
2021-05-20,124.20997619628906,116.8451919555664,237.05836486816406,195.5933380126953
2021-05-21,122.37577819824219,116.30017852783203,235.79847717285156,193.6266632080078
2021-05-24,124.00511932373047,119.35362243652344,241.1940460205078,202.14666748046875
2021-05-25,123.80998229980469,119.47262573242188,242.09811401367188,201.56333923339844
2021-05-26,123.76119232177734,120.68566131591797,241.87689208984375,206.3766632080078
2021-05-27,122.22940826416016,119.14732360839844,239.78021240234375,210.28334045410156
2021-05-28,121.57573699951172,119.59613037109375,240.1360626220703,208.4066619873047
2021-06-01,121.25379943847656,120.5011978149414,237.9431915283203,207.96665954589844
2021-06-02,122.0147705078125,120.07817077636719,237.8470001220703,201.7066650390625
2021-06-03,120.53181457519531,119.2514419555664,236.3177947998047,190.94667053222656
2021-06-04,122.82457733154297,121.58975982666016,241.20361328125,199.68333435058594
2021-06-07,122.8343505859375,122.3004150390625,244.10813903808594,201.7100067138672
2021-06-08,123.65387725830078,123.13159942626953,242.91558837890625,201.19667053222656
2021-06-09,124.03439331054688,123.55561065673828,243.89662170410156,199.5933380126953
2021-06-10,123.03921508789062,125.0533218383789,247.4071044921875,203.3733367919922
2021-06-11,124.24903106689453,124.67294311523438,248.0323028564453,203.29666137695312
2021-06-14,127.30280303955078,125.32310485839844,249.95578002929688,205.89666748046875
2021-06-15,126.48328399658203,125.00669860839844,248.48428344726562,199.7866668701172
2021-06-16,126.98084259033203,124.67294311523438,247.541748046875,201.6233367919922
2021-06-17,128.5808868408203,125.34195709228516,250.92721557617188,205.53334045410156
2021-06-18,127.2833023071289,124.54499816894531,249.51339721679688,207.77000427246094
2021-06-21,129.07850646972656,125.42526245117188,252.59104919433594,206.94332885742188
2021-06-22,130.71755981445312,125.96532440185547,255.36094665527344,207.90333557128906
2021-06-23,130.4443817138672,125.43171691894531,255.1302490234375,218.85667419433594
2021-06-24,130.1614990234375,126.24552154541016,256.495849609375,226.60667419433594
2021-06-25,129.8687744140625,125.96088409423828,254.8897247314453,223.9566650390625
2021-06-28,131.4981231689453,125.78680419921875,258.4482421875,229.57333374023438
2021-06-29,133.01036071777344,124.99232482910156,261.0258483886719,226.9199981689453
2021-06-30,133.62503051757812,124.29553985595703,260.54498291015625,226.56666564941406
2021-07-01,133.92745971679688,125.33946990966797,261.2182312011719,225.97332763671875
2021-07-02,136.55198669433594,127.67082977294922,267.0369567871094,226.3000030517578
2021-07-06,138.56182861328125,128.71424865722656,267.0464782714844,219.86000061035156
2021-07-07,141.0496826171875,129.01828002929688,269.2297058105469,214.88333129882812
2021-07-08,139.7521209716797,128.12510681152344,266.81573486328125,217.60333251953125
2021-07-09,141.57655334472656,128.51937866210938,267.3158874511719,218.98333740234375
2021-07-12,140.9814453125,129.50079345703125,266.7195129394531,228.56666564941406
2021-07-13,142.09368896484375,129.92782592773438,270.2396240234375,222.84666442871094
2021-07-14,145.51817321777344,131.00694274902344,271.711181640625,217.7933349609375
2021-07-15,144.864501953125,130.1975860595703,270.2877197265625,216.86666870117188
2021-07-16,142.8253936767578,130.77188110351562,270.0183410644531,214.74000549316406
2021-07-19,138.98135375976562,128.20147705078125,266.42138671875,215.4066619873047
2021-07-20,142.5912322998047,130.033935546875,268.6430969238281,220.1666717529297
2021-07-21,141.85952758789062,131.52073669433594,270.6435852050781,218.42999267578125
2021-07-22,143.2254638671875,132.24281311035156,275.202392578125,216.4199981689453
2021-07-23,144.94253540039062,136.69375610351562,278.5974426269531,214.4600067138672
2021-07-26,145.36207580566406,138.50738525390625,278.0011291503906,219.2066650390625
2021-07-27,143.19615173339844,135.68255615234375,275.58709716796875,214.92666625976562
2021-07-28,141.44973754882812,135.27093505859375,275.2793273925781,215.66000366210938
2021-07-29,142.09368896484375,135.4286346435547,275.54864501953125,225.78334045410156
2021-07-30,142.30828857421875,134.11985778808594,274.0194091796875,229.06666564941406
2021-08-02,141.97657775878906,134.8821258544922,273.9328918457031,236.55667114257812
2021-08-03,143.77182006835938,135.1702423095703,276.1449279785156,236.5800018310547
2021-08-04,143.3717803955078,134.9208221435547,275.55828857421875,236.97332763671875
2021-08-05,143.4790496826172,135.82489013671875,278.4531555175781,238.2100067138672
2021-08-06,142.79513549804688,135.9200897216797,278.3953857421875,233.03334045410156
2021-08-09,142.74624633789062,136.8782196044922,277.3087158203125,237.9199981689453
2021-08-10,142.26747131347656,136.97195434570312,275.4908447265625,236.663330078125
2021-08-11,142.52154541015625,136.5682830810547,275.9814453125,235.94000244140625
2021-08-12,145.482177734375,137.26258850097656,278.7320556640625,240.75
2021-08-13,145.6873779296875,137.27896118164062,281.65594482421875,239.05667114257812
2021-08-16,147.66111755371094,137.78480529785156,283.3389892578125,228.72332763671875
2021-08-17,146.75242614746094,136.18246459960938,281.8771057128906,221.90333557128906
2021-08-18,143.0100555419922,135.45791625976562,280.1522216796875,229.663330078125
2021-08-19,143.34228515625,135.798583984375,285.97247314453125,224.49000549316406
2021-08-20,144.7982177734375,137.30967712402344,293.2863464355469,226.75332641601562
2021-08-23,146.28343200683594,139.9505157470703,293.5657653808594,235.43333435058594
2021-08-24,146.19546508789062,141.2389373779297,291.609619140625,236.163330078125
2021-08-25,144.9643096923828,141.78594970703125,291.0218811035156,237.06666564941406
2021-08-26,144.1630859375,140.9656524658203,288.20806884765625,233.72000122070312
2021-08-27,145.1988067626953,143.37339782714844,288.8151550292969,237.30667114257812
2021-08-30,149.61534118652344,144.28492736816406,292.54437255859375,243.6366729736328
2021-08-31,148.35487365722656,144.27748107910156,290.89654541015625,245.24000549316406
2021-09-01,149.0193328857422,144.65438842773438,290.84832763671875,244.69667053222656
2021-09-02,150.1331787109375,143.04461669921875,290.1931457519531,244.1300048828125
2021-09-03,150.76837158203125,143.59608459472656,290.1834716796875,244.52333068847656
2021-09-07,153.10365295410156,144.3340301513672,289.2583923339844,250.97332763671875
2021-09-08,151.55979919433594,143.70372009277344,289.2873840332031,251.2899932861328
2021-09-09,150.54359436035156,143.73342895507812,286.43499755859375,251.6199951171875
2021-09-10,145.5603790283203,140.76531982421875,284.9510498046875,245.42333984375
2021-09-13,146.12705993652344,142.29673767089844,286.1844787597656,247.6666717529297
2021-09-14,144.7298126220703,142.23826599121094,288.88262939453125,248.163330078125
2021-09-15,145.61895751953125,144.0235595703125,293.7296142578125,251.94332885742188
2021-09-16,145.3844451904297,143.19786071777344,294.1150207519531,252.3300018310547
2021-09-17,142.7169647216797,140.31155395507812,288.95965576171875,253.163330078125
2021-09-20,139.6683807373047,137.88497924804688,283.5923156738281,243.38999938964844
2021-09-21,140.1471405029297,138.5093536376953,284.07415771484375,246.4600067138672
2021-09-22,142.5117645263672,139.7908477783203,287.7165832519531,250.64666748046875
2021-09-23,143.46932983398438,140.67161560058594,288.6609802246094,251.2133331298828
2021-09-24,143.5572509765625,141.47152709960938,288.4586181640625,258.1300048828125
2021-09-27,142.04270935058594,140.34877014160156,283.4671936035156,263.78668212890625
2021-09-28,138.66189575195312,135.07505798339844,273.2045593261719,259.1866760253906
2021-09-29,139.56089782714844,133.4255828857422,273.66705322265625,260.4366760253906
2021-09-30,138.2613067626953,132.18031311035156,271.662841796875,258.49334716796875
2021-10-01,139.38499450683594,135.3512725830078,278.58154296875,258.40667724609375
2021-10-04,135.95535278320312,132.67575073242188,272.80938720703125,260.510009765625
2021-10-05,137.88023376464844,135.06809997558594,278.2539367675781,260.1966552734375
2021-10-06,138.74984741210938,136.2355194091797,282.44561767578125,260.9166564941406
2021-10-07,140.01034545898438,138.05210876464844,284.1224060058594,264.53668212890625
2021-10-08,139.62925720214844,138.91549682617188,284.1224060058594,261.8299865722656
2021-10-11,139.5413360595703,137.7168731689453,283.5249328613281,263.9800109863281
2021-10-12,138.27105712890625,135.59971618652344,282.2240295410156,268.5733337402344
2021-10-13,137.68484497070312,136.77706909179688,285.52923583984375,270.3599853515625
2021-10-14,140.46958923339844,140.26048278808594,291.73492431640625,272.7733459472656
2021-10-15,141.5248565673828,140.52134704589844,293.14178466796875,281.010009765625
2021-10-18,143.19570922851562,141.79635620117188,296.1097412109375,290.03668212890625
2021-10-19,145.3551483154297,142.65084838867188,297.01556396484375,288.0899963378906
2021-10-20,145.8437042236328,141.2552947998047,296.2253723144531,288.6000061035156
2021-10-21,146.05868530273438,141.61782836914062,299.4534912109375,298.0
2021-10-22,145.28675842285156,137.4961700439453,297.91168212890625,303.2266540527344
2021-10-25,145.23788452148438,137.64295959472656,296.9192199707031,341.6199951171875
2021-10-26,145.90232849121094,138.53465270996094,298.82708740234375,339.4766540527344
2021-10-27,145.44308471679688,145.23513793945312,311.4120178222656,345.9533386230469
2021-10-28,149.0779571533203,144.9390869140625,312.5490417480469,359.0133361816406
2021-10-29,146.37132263183594,147.06314086914062,319.5545959472656,371.3333435058594
2021-11-01,145.55055236816406,142.60324096679688,317.3863830566406,402.86334228515625
2021-11-02,146.5863494873047,144.67523193359375,321.0094909667969,390.6666564941406
2021-11-03,148.02267456054688,145.59466552734375,321.84796142578125,404.6199951171875
2021-11-04,147.50477600097656,147.47225952148438,324.19915771484375,409.9700012207031
2021-11-05,148.03318786621094,148.0257110595703,323.83294677734375,407.36334228515625
2021-11-08,147.2112579345703,148.13531494140625,324.7291259765625,387.64666748046875
2021-11-09,147.57325744628906,148.0331573486328,323.7269592285156,341.1666564941406
2021-11-10,144.74534606933594,145.43203735351562,318.7643737792969,355.98333740234375
2021-11-11,144.69639587402344,145.55300903320312,320.3349609375,354.5033264160156
2021-11-12,146.77085876464844,148.42689514160156,324.4689636230469,344.47332763671875
2021-11-15,146.7806854248047,148.17149353027344,323.84271240234375,337.7966613769531
2021-11-16,147.7592315673828,147.86207580566406,327.1574401855469,351.57666015625
2021-11-17,150.19578552246094,147.84817504882812,327.3794860839844,363.0033264160156
2021-11-18,154.4817657470703,149.48178100585938,329.4550476074219,365.4599914550781
2021-11-19,157.104248046875,148.73143005371094,331.2313537597656,379.0199890136719
2021-11-22,157.56414794921875,145.88082885742188,328.0648498535156,385.6233215332031
2021-11-23,157.94578552246094,145.5619354248047,325.98931884765625,369.6766662597656
2021-11-24,158.4644317626953,145.52276611328125,326.2113952636719,372.0
2021-11-26,153.44454956054688,141.6431121826172,318.2663269042969,360.6400146484375
2021-11-29,156.8009033203125,144.92417907714844,324.9757080078125,378.9966735839844
2021-11-30,161.75228881835938,141.2919921875,319.1447448730469,381.586669921875
2021-12-01,161.23367309570312,140.4647674560547,318.6524658203125,365.0
2021-12-02,160.24534606933594,142.60572814941406,318.08282470703125,361.5333251953125
2021-12-03,158.36654663085938,141.35992431640625,311.8272705078125,338.3233337402344
2021-12-06,161.7718963623047,142.6255645751953,314.8971862792969,336.336669921875
2021-12-07,167.50608825683594,146.83102416992188,323.3248596191406,350.5833435058594
2021-12-08,171.32241821289062,147.50946044921875,323.3731689453125,356.32000732421875
2021-12-09,170.81356811523438,146.89996337890625,321.5679016113281,334.6000061035156
2021-12-10,175.59861755371094,147.46432495117188,330.68115234375,339.010009765625
2021-12-13,171.96824645996094,145.5098419189453,327.64984130859375,322.13665771484375
2021-12-14,170.5885009765625,143.7899932861328,316.9726867675781,319.5033264160156
2021-12-15,175.45179748535156,146.16844177246094,323.0642395019531,325.3299865722656
2021-12-16,168.56289672851562,143.6591033935547,313.6517639160156,308.97332763671875
2021-12-17,167.46694946289062,141.64013671875,312.5898742675781,310.8566589355469
2021-12-20,166.10678100585938,141.24191284179688,308.83453369140625,299.9800109863281
2021-12-21,169.2772979736328,143.04611206054688,315.958984375,312.84332275390625
2021-12-22,171.87037658691406,145.75238037109375,321.66448974609375,336.2900085449219
2021-12-23,172.4966278076172,145.94430541992188,323.1028747558594,355.6666564941406
2021-12-27,176.45970153808594,146.85830688476562,330.5941467285156,364.64666748046875
2021-12-28,175.4420166015625,145.2554473876953,329.4357604980469,362.8233337402344
2021-12-29,175.53009033203125,145.31149291992188,330.11151123046875,362.0633239746094
2021-12-30,174.3754425048828,144.81356811523438,327.5726013183594,356.7799987792969
2021-12-31,173.75900268554688,143.50135803222656,324.6764831542969,352.260009765625
2022-01-03,178.10366821289062,143.8931427001953,323.1607971191406,399.9266662597656
2022-01-04,175.84326171875,143.24050903320312,317.6195068359375,383.1966552734375
2022-01-05,171.16586303710938,136.53257751464844,305.4267272949219,362.7066650390625
2022-01-06,168.30850219726562,136.430908203125,303.0133361816406,354.8999938964844
2022-01-07,168.47482299804688,135.8888702392578,303.167724609375,342.32000732421875
2022-01-10,168.49441528320312,137.44558715820312,303.38983154296875,352.7066650390625
2022-01-11,171.32241821289062,138.8773193359375,304.07525634765625,354.79998779296875
2022-01-12,171.7627410888672,140.4945526123047,307.25128173828125,368.739990234375
2022-01-13,168.49441528320312,137.99806213378906,294.2476501464844,343.85333251953125
2022-01-14,169.3555450439453,138.64820861816406,299.460693359375,349.8699951171875
2022-01-18,166.15573120117188,135.18069458007812,292.17205810546875,343.5033264160156
2022-01-19,162.66232299804688,134.54734802246094,292.82861328125,331.8833312988281
2022-01-20,160.97923278808594,132.41934204101562,291.158447265625,332.0899963378906
2022-01-21,158.92430114746094,129.03265380859375,285.78125,314.6333312988281
2022-01-24,158.15127563476562,129.31036376953125,286.1094970703125,310.0
2022-01-25,156.3507843017578,125.70347595214844,278.5023498535156,306.1333312988281
2022-01-26,156.2626953125,128.18759155273438,286.43780517578125,312.4700012207031
2022-01-27,155.80279541015625,128.0695343017578,289.4593811035156,276.3666687011719
2022-01-28,166.67434692382812,132.20411682128906,297.58782958984375,282.1166687011719
2022-01-31,171.02883911132812,134.59349060058594,300.2137451171875,312.239990234375
2022-02-01,170.8625030517578,136.75572204589844,298.0705871582031,310.4166564941406
2022-02-02,172.06607055664062,146.83102416992188,302.6078796386719,301.88665771484375
2022-02-03,169.1891632080078,141.4888916015625,290.820556640625,297.0466613769531
2022-02-04,168.90505981445312,141.8513946533203,295.34820556640625,307.7733459472656
2022-02-07,168.18978881835938,137.80662536621094,290.53094482421875,302.4466552734375
2022-02-08,171.29574584960938,138.07937622070312,294.01593017578125,307.3333435058594
2022-02-09,172.71640014648438,140.30116271972656,300.4356994628906,310.6666564941406
2022-02-10,168.64051818847656,137.47386169433594,291.91143798828125,301.51666259765625
2022-02-11,165.23086547851562,133.03778076171875,284.8255615234375,286.6666564941406
2022-02-14,165.4660186767578,134.1982421875,284.78692626953125,291.9200134277344
2022-02-15,169.29698181152344,135.31459045410156,290.0675354003906,307.4766540527344
2022-02-16,169.0618133544922,136.36795043945312,289.7289733886719,307.7966613769531
2022-02-17,165.4660186767578,131.23109436035156,281.2450866699219,292.1166687011719
2022-02-18,163.91793823242188,129.40512084960938,278.5364074707031,285.6600036621094
2022-02-22,160.9982147216797,128.34877014160156,278.333251953125,273.84332275390625
2022-02-23,156.83409118652344,126.54606628417969,271.1262512207031,254.67999267578125
2022-02-24,159.45016479492188,131.59312438964844,284.9792175292969,266.92333984375
2022-02-25,161.51747131347656,133.42408752441406,287.61041259765625,269.9566650390625
2022-02-28,161.78201293945312,133.79258728027344,289.04217529296875,290.1433410644531
2022-03-01,159.9008026123047,133.07545471191406,285.32745361328125,288.1233215332031
2022-03-02,163.1929473876953,133.65419006347656,290.396484375,293.2966613769531
2022-03-03,162.86956787109375,133.21434020996094,286.26580810546875,279.7633361816406
2022-03-04,159.8714141845703,131.04611206054688,280.4034729003906,279.42999267578125
2022-03-07,156.0796661376953,125.4346923828125,269.8107604980469,268.1933288574219
2022-03-08,154.2572479248047,126.2420654296875,266.85052490234375,274.79998779296875
2022-03-09,159.65589904785156,132.7759246826172,279.0879211425781,286.3233337402344
2022-03-10,155.31544494628906,131.60154724121094,276.27276611328125,279.4333190917969
2022-03-11,151.60205078125,129.4130096435547,270.93292236328125,265.1166687011719
2022-03-14,147.57513427734375,125.70893859863281,267.4213562011719,255.4566650390625
2022-03-15,151.95477294921875,128.60467529296875,277.78192138671875,267.2966613769531
2022-03-16,156.36378479003906,132.6018524169922,284.7856750488281,280.07666015625
2022-03-17,157.37298583984375,133.5044403076172,285.588623046875,290.5333251953125
2022-03-18,160.66506958007812,135.68751525878906,290.6286926269531,301.7966613769531
2022-03-21,162.0367889404297,135.3671417236328,289.4001159667969,307.0533447265625
2022-03-22,165.40724182128906,139.1352081298828,294.14019775390625,331.32666015625
2022-03-23,166.7691650390625,137.37562561035156,289.71929931640625,333.03668212890625
2022-03-24,170.55111694335938,140.1613006591797,294.178955078125,337.97332763671875
2022-03-25,171.18795776367188,140.3690948486328,293.7725830078125,336.8800048828125
2022-03-28,172.05015563964844,140.79409790039062,300.5635681152344,363.9466552734375
2022-03-29,175.34226989746094,142.08349609375,305.1199951171875,366.5233459472656
2022-03-30,174.17630004882812,141.48292541503906,303.6205139160156,364.663330078125
2022-03-31,171.08018493652344,138.51234436035156,298.2515563964844,359.20001220703125
2022-04-01,170.78619384765625,139.55426025390625,299.3253479003906,361.5299987792969
2022-04-04,174.832763671875,142.47280883789062,304.6943359375,381.8166809082031
2022-04-05,171.52110290527344,139.914306640625,300.73773193359375,363.7533264160156
2022-04-06,168.35638427734375,136.05894470214844,289.7289733886719,348.586669921875
2022-04-07,168.6600799560547,135.353759765625,291.53802490234375,352.4200134277344
2022-04-08,166.6515655517578,132.9192352294922,287.2816162109375,341.8299865722656
2022-04-11,162.39927673339844,128.73953247070312,275.95361328125,325.30999755859375
2022-04-12,164.2706756591797,127.32913208007812,272.85791015625,328.98333740234375
2022-04-13,166.95526123046875,129.2250518798828,278.2366027832031,340.7900085449219
2022-04-14,161.94857788085938,126.21675872802734,270.7007751464844,328.3333435058594
2022-04-18,161.73301696777344,126.91900634765625,271.3681945800781,334.7633361816406
2022-04-19,164.01589965820312,129.4680938720703,275.9922180175781,342.7166748046875
2022-04-20,163.849365234375,127.2011947631836,277.0177001953125,325.73333740234375
2022-04-21,163.0557098388672,123.92010498046875,271.64874267578125,336.260009765625
2022-04-22,158.51934814453125,118.63998413085938,265.0899658203125,335.01666259765625
2022-04-25,159.58729553222656,122.24636840820312,271.5616760253906,332.67333984375
2022-04-26,153.6302032470703,118.53284454345703,261.4042663574219,292.1400146484375
2022-04-27,153.40487670898438,114.0838851928711,273.9801330566406,293.836669921875
2022-04-28,160.33193969726562,118.43911743164062,280.1809997558594,292.5033264160156
2022-04-29,154.4630889892578,114.03032684326172,268.4660339355469,290.2533264160156
2022-05-02,154.76675415039062,116.2029800415039,275.18939208984375,300.9800109863281
2022-05-03,156.25604248046875,117.16755676269531,272.5871276855469,303.0833435058594
2022-05-04,162.66383361816406,121.57686614990234,280.5195617675781,317.5400085449219
2022-05-05,153.600830078125,115.79581451416016,268.3016052246094,291.09332275390625
2022-05-06,154.326904296875,114.71817016601562,265.7671203613281,288.54998779296875
2022-05-09,149.20494079589844,112.16314697265625,255.9483184814453,262.3699951171875
2022-05-10,151.6089324951172,113.65142822265625,260.707763671875,266.67999267578125
2022-05-11,143.7493438720703,113.03300476074219,252.04971313476562,244.6666717529297
2022-05-12,139.88330078125,112.23951721191406,247.01937866210938,242.6666717529297
2022-05-13,144.34786987304688,115.56671142578125,252.6011199951172,256.5299987792969
2022-05-16,142.80735778808594,113.85773468017578,252.96871948242188,241.4566650390625
2022-05-17,146.4379119873047,115.75119018554688,258.11517333984375,253.8699951171875
2022-05-18,138.176025390625,111.48571014404297,246.36326599121094,236.60333251953125
2022-05-19,134.77113342285156,109.84368896484375,245.45179748535156,236.47332763671875
2022-05-20,135.0066680908203,108.42285919189453,244.88946533203125,221.3000030517578
2022-05-23,140.42298889160156,110.75718688964844,252.73367309570312,224.96665954589844
2022-05-24,137.72462463378906,105.0634536743164,251.73497009277344,209.3866729736328
2022-05-25,137.88160705566406,104.97764587402344,254.54690551757812,219.60000610351562
2022-05-26,141.0803680419922,107.41413116455078,257.8242492675781,235.91000366210938
2022-05-27,146.8303680419922,111.88046264648438,264.94134521484375,253.2100067138672
2022-05-31,146.04539489746094,113.11038970947266,263.6129455566406,252.75332641601562
2022-06-01,145.91783142089844,113.20758056640625,264.14630126953125,246.7899932861328
2022-06-02,148.37091064453125,116.78719329833984,266.24066162109375,258.3333435058594
2022-06-03,142.65036010742188,113.63109588623047,261.8191223144531,234.51666259765625
2022-06-06,143.3960723876953,116.05767822265625,260.5877990722656,238.27999877929688
2022-06-07,145.91783142089844,116.27488708496094,264.22381591796875,238.8866729736328
2022-06-08,145.1819305419922,116.28331756591797,262.1972961425781,241.86666870117188
2022-06-09,139.96182250976562,113.98221588134766,256.74798583984375,239.7066650390625
2022-06-10,134.55523681640625,110.5201416015625,245.30641174316406,232.22999572753906
2022-06-13,129.40382385253906,106.00619506835938,234.90223693847656,215.73666381835938
2022-06-14,130.26730346679688,106.32111358642578,237.06454467773438,220.88999938964844
2022-06-15,132.88717651367188,109.4915771484375,244.11373901367188,233.0
2022-06-16,127.61801147460938,105.76765441894531,237.52993774414062,213.10000610351562
2022-06-17,129.08984375,106.98715209960938,240.12855529785156,216.75999450683594
2022-06-21,133.3189239501953,111.10285186767578,246.0336151123047,237.0366668701172
2022-06-22,132.80868530273438,111.12168884277344,245.44212341308594,236.086669921875
2022-06-23,135.67385864257812,111.76689910888672,250.99807739257812,235.07000732421875
2022-06-24,139.000244140625,117.57272338867188,259.56964111328125,245.7066650390625
2022-06-27,139.000244140625,115.67283630371094,256.8450012207031,244.9199981689453
2022-06-28,134.8594207763672,111.65483093261719,248.69041442871094,232.663330078125
2022-06-29,136.6158447265625,111.3423843383789,252.35552978515625,228.49000549316406
2022-06-30,134.1529541015625,108.48187255859375,249.02975463867188,224.47332763671875
2022-07-01,136.3214111328125,108.19274139404297,251.6962127685547,227.26333618164062
2022-07-05,138.90206909179688,112.9596176147461,254.866943359375,233.06666564941406
2022-07-06,140.2365264892578,114.27531433105469,258.1248474121094,231.73333740234375
2022-07-07,143.6021270751953,118.33448791503906,260.2483215332031,244.5433349609375
2022-07-08,144.2791748046875,119.1899642944336,259.5308532714844,250.76333618164062
2022-07-11,142.14991760253906,115.5736312866211,256.4765319824219,234.3433380126953
2022-07-12,143.12135314941406,113.91426849365234,245.9656982421875,233.07000732421875
2022-07-13,142.75828552246094,111.2734603881836,245.04458618164062,237.0399932861328
2022-07-14,145.682373046875,110.53253173828125,246.36326599121094,238.31333923339844
2022-07-15,147.3504180908203,111.84872436523438,248.92308044433594,240.06666564941406
2022-07-18,144.3086395263672,109.0149917602539,246.52809143066406,240.54666137695312
2022-07-19,148.16482543945312,113.68663787841797,251.6477508544922,245.52999877929688
2022-07-20,150.1665496826172,113.76598358154297,254.3045196533203,247.5
2022-07-21,152.4331817626953,114.10321807861328,256.7964172363281,271.7066650390625
2022-07-22,151.1968231201172,107.47761535644531,252.45248413085938,272.24334716796875
2022-07-25,150.07821655273438,107.32882690429688,250.96900939941406,268.4333190917969
2022-07-26,148.7535858154297,104.5813980102539,244.24948120117188,258.8599853515625
2022-07-27,153.8461151123047,112.67493438720703,260.5780029296875,274.82000732421875
2022-07-28,154.39561462402344,113.65687561035156,268.0151062011719,280.8999938964844
2022-07-29,159.45875549316406,115.69019317626953,272.21356201171875,297.1499938964844
2022-08-01,158.47752380371094,114.5396499633789,269.5665588378906,297.27667236328125
2022-08-02,157.0056610107422,114.95621490478516,266.4733581542969,300.586669921875
2022-08-03,163.01077270507812,117.81275177001953,273.8910217285156,307.39666748046875
2022-08-04,162.69674682617188,117.90203857421875,275.03515625,308.6333312988281
2022-08-05,162.4707794189453,117.25732421875,274.31768798828125,288.1700134277344
2022-08-08,161.99913024902344,117.17797088623047,271.8063659667969,290.42333984375
2022-08-09,162.04827880859375,116.54318237304688,273.7262268066406,283.3333435058594
2022-08-10,166.29302978515625,119.66753387451172,280.3778381347656,294.3566589355469
2022-08-11,165.5561065673828,118.84428405761719,278.3028259277344,286.6300048828125
2022-08-12,169.10324096679688,121.6512451171875,283.04437255859375,300.0299987792969
2022-08-15,170.17425537109375,121.87937927246094,284.5569763183594,309.32000732421875
2022-08-16,170.01705932617188,121.51239776611328,283.820068359375,306.5633239746094
2022-08-17,171.5105743408203,119.34022521972656,283.0718688964844,303.9966735839844
2022-08-18,171.1175537109375,119.87582397460938,281.954345703125,302.8699951171875
2022-08-19,168.53329467773438,117.15814208984375,278.0482177734375,296.6666564941406
2022-08-22,164.65211486816406,114.13296508789062,269.88604736328125,289.913330078125
2022-08-23,164.31802368164062,113.8354263305664,268.6130676269531,296.4533386230469
2022-08-24,164.61280822753906,113.76598358154297,267.9815673828125,297.0966796875
2022-08-25,167.06927490234375,116.74156951904297,270.9548645019531,296.07000732421875
2022-08-26,160.7708740234375,110.39368438720703,260.4995422363281,288.0899963378906
2022-08-29,158.5699005126953,109.44149017333984,257.7205505371094,284.82000732421875
2022-08-30,156.14292907714844,109.0149917602539,255.52452087402344,277.70001220703125
2022-08-31,154.48233032226562,108.26118469238281,254.0669708251953,275.6099853515625
2022-09-01,155.20948791503906,109.64978790283203,253.02725219726562,277.1600036621094
2022-09-02,153.0968780517578,107.79499816894531,248.81015014648438,270.2099914550781
2022-09-06,151.8391876220703,106.60478210449219,246.0797119140625,274.4200134277344
2022-09-07,153.2442626953125,109.58036041259766,250.78269958496094,283.70001220703125
2022-09-08,151.7703857421875,108.52898406982422,251.2004852294922,289.260009765625
2022-09-09,154.62973022460938,110.8697738647461,256.9722595214844,299.67999267578125
2022-09-12,160.5841827392578,110.95903778076172,259.1002502441406,304.4200134277344
2022-09-13,151.1612091064453,104.45245361328125,244.85537719726562,292.1300048828125
2022-09-14,152.6055908203125,105.00788879394531,245.078857421875,302.6099853515625
2022-09-15,149.71676635742188,103.05393981933594,238.4325408935547,303.75
2022-09-16,148.0758514404297,102.7861328125,237.81065368652344,303.3500061035156
2022-09-19,151.7900390625,103.00434112548828,237.5968780517578,309.07000732421875
2022-09-20,154.1678924560547,101.00079345703125,235.5854949951172,308.7300109863281
2022-09-21,151.04327392578125,99.19561004638672,232.18458557128906,300.79998779296875
2022-09-22,150.08035278320312,99.75106048583984,234.15707397460938,288.5899963378906
2022-09-23,147.81053161621094,98.36244201660156,231.18374633789062,275.3299865722656
2022-09-26,148.1446533203125,98.00537872314453,230.72705078125,276.010009765625
2022-09-27,149.11737060546875,97.2912368774414,229.7165069580078,282.94000244140625
2022-09-28,147.2308349609375,99.9196548461914,234.24459838867188,287.80999755859375
2022-09-29,139.99899291992188,97.2912368774414,230.775634765625,268.2099914550781
2022-09-30,135.7935333251953,95.36703491210938,226.30587768554688,265.25
2022-10-03,139.96954345703125,98.49139404296875,233.9239044189453,242.39999389648438
2022-10-04,143.55596923828125,101.5760726928711,241.8334503173828,249.44000244140625
2022-10-05,143.85076904296875,101.38761138916016,242.1443634033203,240.80999755859375
2022-10-06,142.8976287841797,101.40746307373047,239.8026123046875,238.1300048828125
2022-10-07,137.65060424804688,98.75920104980469,227.60791015625,223.07000732421875
2022-10-10,137.9748992919922,97.90618896484375,222.7592315673828,222.9600067138672
2022-10-11,136.5599365234375,97.2515869140625,219.0279541015625,216.5
2022-10-12,135.9310760498047,97.4995346069336,219.35830688476562,217.24000549316406
2022-10-13,140.5001220703125,98.89805603027344,227.60791015625,221.72000122070312
2022-10-14,135.97042846679688,96.38866424560547,222.08872985839844,204.99000549316406
2022-10-17,139.9302215576172,99.95933532714844,230.80477905273438,219.35000610351562
2022-10-18,141.2468719482422,100.56438446044922,231.74734497070312,220.19000244140625
2022-10-19,141.35494995117188,99.47332000732422,229.78453063964844,222.0399932861328
2022-10-20,140.89315795898438,99.71137237548828,229.46383666992188,207.27999877929688
2022-10-21,144.70558166503906,100.65363311767578,235.2648162841797,214.44000244140625
2022-10-24,146.84762573242188,102.13150787353516,240.2495574951172,211.25
2022-10-25,149.68731689453125,104.07554626464844,243.5630340576172,222.4199981689453
2022-10-26,146.74937438964844,94.04788208007812,224.77059936523438,224.63999938964844
2022-10-27,142.27859497070312,91.845947265625,220.33004760742188,225.08999633789062
2022-10-28,153.02810668945312,95.7935562133789,229.1917724609375,228.52000427246094
2022-10-31,150.669921875,93.88917541503906,225.55767822265625,227.5399932861328
2022-11-01,148.02676391601562,89.76304626464844,221.70977783203125,227.82000732421875
2022-11-02,142.5045928955078,86.3609848022461,213.8682861328125,214.97999572753906
2022-11-03,136.46170043945312,82.81014251708984,208.18386840820312,215.30999755859375
2022-11-04,136.1959686279297,85.99398803710938,215.12176513671875,207.47000122070312
2022-11-07,136.7274169921875,87.9281234741211,221.4182891845703,197.0800018310547
2022-11-08,137.29830932617188,88.18600463867188,222.38999938964844,191.3000030517578
2022-11-09,132.74134826660156,86.68828582763672,218.15341186523438,177.58999633789062
2022-11-10,144.55194091796875,93.40316772460938,236.1004638671875,190.72000122070312
2022-11-11,147.3372802734375,95.94232177734375,240.113525390625,195.97000122070312
2022-11-14,145.93968200683594,95.24801635742188,234.71096801757812,190.9499969482422
2022-11-15,147.67189025878906,97.91610717773438,235.11907958984375,194.4199981689453
2022-11-16,146.44163513183594,98.18391418457031,235.5477752685547,186.9199981689453
2022-11-17,148.34121704101562,97.6978988647461,235.4990997314453,183.1699981689453
2022-11-18,148.9022216796875,97.00362396240234,235.0508270263672,180.19000244140625
2022-11-21,145.6739501953125,95.04964447021484,235.85963439941406,167.8699951171875
2022-11-22,147.8096923828125,96.53744506835938,238.763427734375,169.91000366210938
2022-11-23,148.6856689453125,98.01530456542969,241.24819946289062,183.1999969482422
2022-11-25,145.77236938476562,96.80522918701172,241.16050720214844,182.86000061035156
2022-11-28,141.9438018798828,95.46623992919922,235.5770263671875,182.9199981689453
2022-11-29,138.94189453125,94.66283416748047,234.1836395263672,180.8300018310547
2022-11-30,145.69363403320312,100.62388610839844,248.6148681640625,194.6999969482422
2022-12-01,145.96923828125,100.45526123046875,248.1763458251953,194.6999969482422
2022-12-02,145.47711181640625,100.00894165039062,248.49794006347656,194.86000061035156
2022-12-05,144.31573486328125,99.05675506591797,243.8011932373047,182.4499969482422
2022-12-06,140.65444946289062,96.5176010131836,238.8511199951172,179.82000732421875
2022-12-07,138.7155303955078,94.37519073486328,238.12030029296875,174.0399932861328
2022-12-08,140.39854431152344,93.18495178222656,241.07278442382812,173.44000244140625
2022-12-09,139.9163055419922,92.3121109008789,239.14341735839844,179.0500030517578
2022-12-12,142.20950317382812,92.7981185913086,246.0521240234375,167.82000732421875
2022-12-13,143.17405700683594,95.06947326660156,250.34934997558594,160.9499969482422
2022-12-14,140.94973754882812,94.53388214111328,250.64166259765625,156.8000030517578
2022-12-15,134.34564208984375,90.45734405517578,242.64163208007812,157.6699981689453
2022-12-16,132.3870086669922,90.1201171875,238.43211364746094,150.22999572753906
2022-12-19,130.28082275390625,88.4240493774414,234.300537109375,149.8699951171875
2022-12-20,130.2119140625,88.90013885498047,235.6160125732422,137.8000030517578
2022-12-21,133.3121795654297,89.51509094238281,238.17877197265625,137.57000732421875
2022-12-22,130.14300537109375,87.54129028320312,232.09835815429688,125.3499984741211
2022-12-23,129.77886962890625,89.07865905761719,232.62454223632812,123.1500015258789
2022-12-27,127.97771453857422,87.21398162841797,230.89984130859375,109.0999984741211
2022-12-28,124.05071258544922,85.75594329833984,228.53195190429688,112.70999908447266
2022-12-29,127.56436920166016,88.22567749023438,234.84622192382812,121.81999969482422
2022-12-30,127.87928771972656,88.00745391845703,233.68666076660156,123.18000030517578
2023-01-03,123.09600830078125,88.96955871582031,233.45281982421875,108.0999984741211
2023-01-04,124.36566162109375,87.98761749267578,223.2408447265625,113.63999938964844
2023-01-05,123.04679870605469,86.06341552734375,216.62451171875,110.33999633789062
2023-01-06,127.57420349121094,87.4421157836914,219.1774444580078,113.05999755859375
2023-01-09,128.09584045410156,88.07689666748047,221.31149291992188,119.7699966430664
2023-01-10,128.66668701171875,88.51331329345703,222.99722290039062,118.8499984741211
2023-01-11,131.38314819335938,91.50872802734375,229.740234375,123.22000122070312
2023-01-12,131.30441284179688,91.16157531738281,232.41014099121094,123.55999755859375
2023-01-13,132.633056640625,92.04432678222656,233.1117401123047,122.4000015258789
2023-01-17,133.7944793701172,91.40953826904297,234.20310974121094,131.49000549316406
2023-01-18,133.0759735107422,91.03262329101562,229.7792205810547,128.77999877929688
2023-01-19,133.13502502441406,93.14527130126953,225.99842834472656,127.16999816894531
2023-01-20,135.6939697265625,98.47156524658203,234.07644653320312,133.4199981689453
2023-01-23,138.8828887939453,100.3858413696289,236.3760528564453,143.75
2023-01-24,140.2804718017578,98.40213012695312,235.849853515625,143.88999938964844
2023-01-25,139.62103271484375,95.94232177734375,234.45645141601562,144.42999267578125
2023-01-26,141.68789672851562,98.3525390625,241.657470703125,160.27000427246094
2023-01-27,143.62677001953125,99.8899154663086,241.81336975097656,177.89999389648438
2023-01-30,140.74301147460938,97.15237426757812,236.50274658203125,166.66000366210938
2023-01-31,142.01268005371094,99.05675506591797,241.47232055664062,173.22000122070312
2023-02-01,143.13467407226562,100.60405731201172,246.28599548339844,181.41000366210938
2023-02-02,148.43963623046875,107.91403198242188,257.8329162597656,188.27000427246094
2023-02-03,152.06155395507812,104.3631820678711,251.7427520751953,189.97999572753906
2023-02-06,149.3352508544922,102.62744140625,250.20318603515625,194.75999450683594
2023-02-07,152.20916748046875,107.16022491455078,260.7171936035156,196.80999755859375
2023-02-08,149.52223205566406,99.1856918334961,259.9084167480469,201.2899932861328
2023-02-09,148.48876953125,94.68265533447266,256.8780212402344,207.32000732421875
2023-02-10,148.8535614013672,94.0875473022461,256.3712463378906,196.88999938964844
2023-02-13,151.65296936035156,94.2264175415039,264.3810729980469,194.63999938964844
2023-02-14,151.0122528076172,94.17680358886719,265.2093811035156,209.25
2023-02-15,153.11184692382812,96.3093032836914,263.0894775390625,214.24000549316406
2023-02-16,151.51498413085938,95.00005340576172,256.0853576660156,202.0399932861328
2023-02-17,150.37158203125,93.81974792480469,252.09005737304688,208.30999755859375
2023-02-21,146.3596649169922,91.3004379272461,246.82470703125,197.3699951171875
2023-02-22,146.7835235595703,91.05247497558594,245.6915283203125,200.86000061035156
2023-02-23,147.2665557861328,90.32839965820312,248.87612915039062,202.07000732421875
2023-02-24,144.61492919921875,88.6224136352539,243.4545135498047,196.8800048828125
2023-02-27,145.80767822265625,89.3663101196289,244.37278747558594,207.6300048828125
2023-02-28,145.304931640625,89.56468200683594,243.64988708496094,205.7100067138672
2023-03-01,143.2349395751953,89.7729721069336,240.57276916503906,202.77000427246094
2023-03-02,143.8263702392578,91.55830383300781,245.30078125,190.89999389648438
2023-03-03,148.87326049804688,93.25437927246094,249.3841094970703,197.7899932861328
2023-03-06,151.63331604003906,94.80168914794922,250.9275360107422,193.80999755859375
2023-03-07,149.43511962890625,93.40316772460938,248.2704315185547,187.7100067138672
2023-03-08,150.6869659423828,93.87926483154297,247.83090209960938,182.0
2023-03-09,148.43955993652344,91.90547180175781,246.48281860351562,172.9199981689453
2023-03-10,146.37939453125,90.2688980102539,242.8390655517578,173.44000244140625
2023-03-13,148.32122802734375,90.91361236572266,248.0457763671875,174.47999572753906
2023-03-14,150.41098022460938,93.48251342773438,254.75685119628906,183.25999450683594
2023-03-15,150.80528259277344,95.76378631591797,259.2992858886719,180.4499969482422
2023-03-16,153.6244354248047,100.2469711303711,269.8103332519531,184.1300048828125
2023-03-17,152.7865753173828,101.62564849853516,272.965576171875,180.1300048828125
2023-03-20,155.15228271484375,101.09996795654297,265.93218994140625,183.25
2023-03-21,157.0054473876953,104.9781265258789,267.44635009765625,197.5800018310547
2023-03-22,155.57614135742188,103.37132263183594,265.9908142089844,191.14999389648438
2023-03-23,156.66046142578125,105.39472198486328,271.236572265625,192.22000122070312
2023-03-24,157.9615936279297,105.19634246826172,274.0792541503906,190.41000366210938
2023-03-27,156.01974487304688,102.22077178955078,269.9861755371094,191.80999755859375
2023-03-28,155.39871215820312,100.53462219238281,268.86279296875,189.19000244140625
2023-03-29,158.47413635253906,101.07022857666016,274.02069091796875,193.8800048828125
2023-03-30,160.04147338867188,100.49494171142578,277.4787292480469,195.27999877929688
2023-03-31,162.54518127441406,103.15312194824219,281.6304016113281,207.4600067138672
2023-04-03,163.7970428466797,104.05570983886719,280.585205078125,194.77000427246094
2023-04-04,163.2647705078125,104.26399993896484,280.536376953125,192.5800018310547
2023-04-05,161.4214630126953,104.09538269042969,277.7620544433594,185.52000427246094
2023-04-06,162.3086395263672,108.01321411132812,284.8540954589844,185.05999755859375
2023-04-10,159.71615600585938,106.0791015625,282.6951904296875,184.50999450683594
2023-04-11,158.50375366210938,105.255859375,276.2869873046875,186.7899932861328
2023-04-12,157.81375122070312,104.3631820678711,276.9316711425781,180.5399932861328
2023-04-13,163.19577026367188,107.30899810791016,283.13482666015625,185.89999389648438
2023-04-14,162.8507537841797,108.56866455078125,279.5203857421875,185.0
2023-04-17,162.87049865722656,105.55341339111328,282.1188659667969,187.0399932861328
2023-04-18,164.09275817871094,104.26399993896484,281.6988220214844,184.30999755859375
2023-04-19,165.2362060546875,104.1648178100586,281.7769775390625,180.58999633789062
2023-04-20,164.27020263671875,105.03764343261719,279.49102783203125,162.99000549316406
2023-04-21,162.6634979248047,105.04756927490234,279.1492004394531,165.0800018310547
2023-04-24,162.96905517578125,105.91047668457031,275.2514343261719,162.5500030517578
2023-04-25,161.4313201904297,103.7581558227539,269.0484313964844,160.6699981689453
2023-04-26,161.4214630126953,103.59944152832031,288.536865234375,153.75
2023-04-27,166.00506591796875,107.48754119873047,297.7779846191406,160.19000244140625
2023-04-28,167.25689697265625,107.33876037597656,300.15179443359375,164.30999755859375
2023-05-01,167.168212890625,106.8329086303711,298.4911193847656,161.8300018310547
2023-05-02,166.13320922851562,105.11700439453125,298.3446350097656,160.30999755859375
2023-05-03,165.0587615966797,105.255859375,297.3580017089844,160.61000061035156
2023-05-04,163.4224853515625,104.35326385498047,298.3446350097656,161.1999969482422
2023-05-05,171.09140014648438,105.35008239746094,303.46343994140625,170.05999755859375
2023-05-08,171.02236938476562,107.35859680175781,301.5096435546875,171.7899932861328
2023-05-09,169.31707763671875,107.06102752685547,299.8977966308594,169.14999389648438
2023-05-10,171.08154296875,111.3656997680664,305.0849914550781,168.5399932861328
2023-05-11,171.26881408691406,115.94807434082031,302.9358825683594,172.0800018310547
2023-05-12,170.34097290039062,116.95976257324219,301.8222351074219,167.97999572753906
2023-05-15,169.84738159179688,116.00758361816406,302.30084228515625,166.35000610351562
2023-05-16,169.84738159179688,119.11209106445312,304.5281982421875,166.52000427246094
2023-05-17,170.4593963623047,120.49077606201172,307.40643310546875,173.86000061035156
2023-05-18,172.7888946533203,122.51416015625,311.8315124511719,176.88999938964844
2023-05-19,172.89749145507812,122.24636840820312,311.6552734375,180.13999938964844
2023-05-22,171.9499053955078,124.84503173828125,314.4356689453125,188.8699951171875
2023-05-23,169.34400939941406,122.28604125976562,308.6399230957031,185.77000427246094
2023-05-24,169.62037658691406,120.64946746826172,307.2596130371094,182.89999389648438
2023-05-25,170.7555389404297,123.33739471435547,319.076171875,184.47000122070312
2023-05-26,173.1639862060547,124.40860748291016,325.8997802734375,193.1699981689453
2023-05-30,175.00985717773438,123.62505340576172,324.25506591796875,201.16000366210938
2023-05-31,174.96047973632812,122.36538696289062,321.49432373046875,203.92999267578125
2023-06-01,177.76382446289062,123.35724639892578,325.59625244140625,207.52000427246094
2023-06-02,178.6127166748047,124.21024322509766,328.35711669921875,213.97000122070312
2023-06-05,177.26040649414062,125.59882354736328,328.8857116699219,217.61000061035156
2023-06-06,176.89515686035156,126.86842346191406,326.67315673828125,221.30999755859375
2023-06-07,175.5231170654297,121.93889617919922,316.58941650390625,224.57000732421875
2023-06-08,178.2376251220703,121.67108917236328,318.42999267578125,234.86000061035156
2023-06-09,178.62257385253906,121.86946105957031,319.9279479980469,244.39999389648438
2023-06-12,181.41603088378906,123.33739471435547,324.8816223144531,249.8300018310547
2023-06-13,180.9422149658203,123.41676330566406,327.2703552246094,258.7099914550781
2023-06-14,181.57395935058594,123.3671646118164,330.25634765625,256.7900085449219
2023-06-15,183.6073455810547,124.76567840576172,340.7903747558594,255.89999389648438
2023-06-16,182.5314178466797,123.04976654052734,335.1415100097656,260.5400085449219
2023-06-20,182.62026977539062,122.84147644042969,330.95135498046875,274.45001220703125
2023-06-21,181.58384704589844,120.27257537841797,326.5556945800781,259.4599914550781
2023-06-22,184.58456420898438,122.86132049560547,332.5765686035156,264.6099853515625
2023-06-23,184.26870727539062,122.01823425292969,327.9850158691406,256.6000061035156
2023-06-26,182.8769073486328,118.1202392578125,321.6998596191406,241.0500030517578
2023-06-27,185.63087463378906,118.04088592529297,327.54449462890625,250.2100067138672
2023-06-28,186.80548095703125,120.09403991699219,328.797607421875,256.239990234375
2023-06-29,187.14109802246094,119.03275299072266,328.014404296875,257.5
2023-06-30,191.4645233154297,119.98493194580078,333.38916015625,261.7699890136719
2023-07-03,189.9740447998047,119.5782699584961,330.8926696777344,279.82000732421875
2023-07-05,188.858642578125,121.63140869140625,331.0493469238281,282.4800109863281
2023-07-06,189.33242797851562,119.94526672363281,334.103759765625,276.5400085449219
2023-07-07,188.21701049804688,119.16168212890625,330.13885498046875,274.42999267578125
2023-07-10,186.17376708984375,115.9183349609375,324.8620300292969,269.6099853515625
2023-07-11,185.65060424804688,116.75146484375,325.4886169433594,269.7900085449219
2023-07-12,187.3187713623047,118.64592742919922,330.1192626953125,271.989990234375
2023-07-13,188.07882690429688,123.8134994506836,335.4646301269531,277.8999938964844
2023-07-14,188.2268829345703,124.6764144897461,337.9903869628906,281.3800048828125
2023-07-17,191.4842529296875,124.04161834716797,338.4701843261719,290.3800048828125
2023-07-18,191.2276153564453,123.06961059570312,351.94122314453125,293.3399963378906
2023-07-19,192.5799102783203,121.78018951416016,347.6238098144531,291.260009765625
2023-07-20,190.63540649414062,118.55664825439453,339.586181640625,262.8999938964844
2023-07-21,189.4607391357422,119.33031463623047,336.5512390136719,260.0199890136719
2023-07-24,190.26028442382812,120.88751983642578,337.8631591796875,269.05999755859375
2023-07-25,191.1190643310547,121.79010772705078,343.6099548339844,265.2799987792969
2023-07-26,191.98768615722656,128.6041717529297,330.6772766113281,264.3500061035156
2023-07-27,190.7241973876953,128.81246948242188,323.77532958984375,255.7100067138672
2023-07-28,193.3004913330078,131.9268798828125,331.2646789550781,266.44000244140625
2023-07-31,193.91250610351562,132.02609252929688,328.8661804199219,267.42999267578125
2023-08-01,193.08334350585938,130.8159942626953,329.2773132324219,261.07000732421875
2023-08-02,190.0924835205078,127.59248352050781,320.62298583984375,254.11000061035156
2023-08-03,188.70069885253906,127.72142028808594,319.80059814453125,259.32000732421875
2023-08-04,179.63926696777344,127.49327850341797,320.8970947265625,253.86000061035156
2023-08-07,176.53985595703125,130.86558532714844,323.17816162109375,251.4499969482422
2023-08-08,177.47755432128906,130.7664031982422,319.20343017578125,249.6999969482422
2023-08-09,175.8883819580078,129.0901641845703,315.463623046875,242.19000244140625
2023-08-10,175.67120361328125,129.1497039794922,316.14886474609375,245.33999633789062
2023-08-11,175.73048400878906,129.11001586914062,314.2692565917969,242.64999389648438
2023-08-14,177.3811492919922,130.75650024414062,317.235595703125,239.75999450683594
2023-08-15,175.39442443847656,129.2091827392578,315.1013488769531,232.9600067138672
2023-08-16,174.524658203125,128.05865478515625,314.336181640625,225.60000610351562
2023-08-17,171.9844207763672,129.39764404296875,310.8827819824219,219.22000122070312
2023-08-18,172.46875,127.0667953491211,310.4903869628906,215.49000549316406
2023-08-21,173.80307006835938,127.88009643554688,315.7881774902344,231.27999877929688
2023-08-22,175.17698669433594,128.63392639160156,316.3572082519531,233.19000244140625
2023-08-23,179.0218963623047,132.12525939941406,320.81121826171875,236.86000061035156
2023-08-24,174.3368377685547,129.35797119140625,313.9142761230469,230.0399932861328
2023-08-25,176.541015625,129.62576293945312,316.8673400878906,238.58999633789062
2023-08-28,178.1027069091797,130.71681213378906,317.57373046875,238.82000732421875
2023-08-29,181.98716735839844,134.3866729736328,322.1944885253906,257.17999267578125
2023-08-30,185.47630310058594,135.81494140625,322.5673828125,256.8999938964844
2023-08-31,185.6937255859375,136.23155212402344,321.556884765625,258.0799865722656
2023-09-01,187.26531982421875,135.68603515625,322.4398498535156,245.00999450683594
2023-09-05,187.5025634765625,135.59677124023438,327.2372741699219,256.489990234375
2023-09-06,180.7911834716797,134.26766967773438,326.5799865722656,251.9199981689453
2023-09-07,175.50318908691406,135.09092712402344,323.6661376953125,251.49000549316406
2023-09-08,176.11595153808594,136.082763671875,327.9436950683594,248.5
2023-09-11,177.28231811523438,136.61837768554688,331.544189453125,273.5799865722656
2023-09-12,174.2577667236328,134.9619903564453,325.4909973144531,267.4800109863281
2023-09-13,172.19195556640625,136.3803253173828,329.6997375488281,271.29998779296875
2023-09-14,173.70425415039062,137.8582000732422,332.2898254394531,276.0400085449219
2023-09-15,172.98269653320312,137.17381286621094,323.9703369140625,274.3900146484375
2023-09-18,175.90841674804688,137.82843017578125,322.83221435546875,265.2799987792969
2023-09-19,176.9956817626953,137.6995086669922,322.4300231933594,266.5
2023-09-20,173.45713806152344,133.4940185546875,314.6991882324219,262.5899963378906
2023-09-21,171.91522216796875,130.29031372070312,313.482666015625,255.6999969482422
2023-09-22,172.76524353027344,130.1812286376953,311.0102844238281,244.8800048828125
2023-09-25,174.04029846191406,131.09371948242188,311.5303039550781,246.99000549316406
2023-09-26,169.9680633544922,128.3958740234375,306.2324523925781,244.1199951171875
2023-09-27,168.45578002929688,130.3895263671875,306.87017822265625,240.5
2023-09-28,168.71273803710938,132.0458984375,307.7041320800781,246.3800048828125
2023-09-29,169.22671508789062,130.77633666992188,309.7741394042969,250.22000122070312
2023-10-02,171.7373046875,134.06927490234375,315.70965576171875,251.60000610351562
2023-10-03,170.40292358398438,132.2145538330078,307.4588623046875,246.52999877929688
2023-10-04,171.64834594726562,135.1603546142578,312.9233703613281,261.1600036621094
2023-10-05,172.8838653564453,134.8826141357422,313.31585693359375,260.04998779296875
2023-10-06,175.4340057373047,137.6002960205078,321.0663757324219,260.5299987792969
2023-10-09,176.91659545898438,138.3640594482422,323.577880859375,259.6700134277344
2023-10-10,176.32354736328125,138.0664825439453,322.175048828125,263.6199951171875
2023-10-11,177.7172393798828,140.54611206054688,326.128662109375,262.989990234375
2023-10-12,178.61671447753906,139.14759826660156,324.8924865722656,258.8699951171875
2023-10-13,176.77822875976562,137.45152282714844,321.52740478515625,251.1199951171875
2023-10-16,176.64971923828125,139.34597778320312,326.3445129394531,253.9199981689453
2023-10-17,175.09791564941406,139.8419189453125,325.7754821777344,254.85000610351562
2023-10-18,173.80307006835938,138.14584350585938,323.8623962402344,242.67999267578125
2023-10-19,173.42750549316406,137.84825134277344,325.0494384765625,220.11000061035156
2023-10-20,170.8773956298828,135.62652587890625,320.4875183105469,211.99000549316406
2023-10-23,170.99600219726562,136.77706909179688,323.08734130859375,212.0800018310547
2023-10-24,171.430908203125,138.97897338867188,324.2744140625,216.52000427246094
2023-10-25,169.11798095703125,125.63851928710938,334.2225341796875,212.4199981689453
2023-10-26,164.95675659179688,122.43482971191406,321.68438720703125,205.75999450683594
2023-10-27,166.27133178710938,122.3951416015625,323.5680847167969,207.3000030517578
2023-10-30,168.31736755371094,124.72599792480469,330.9261474609375,197.36000061035156
2023-10-31,168.7918243408203,124.27967834472656,331.7109375,200.83999633789062
2023-11-01,171.9547576904297,126.53118896484375,339.52032470703125,205.66000366210938
2023-11-02,175.51307678222656,127.532958984375,341.7277526855469,218.50999450683594
2023-11-03,174.60369873046875,129.30838012695312,346.1229553222656,219.9600067138672
2023-11-06,177.15380859375,130.3795928955078,349.7823486328125,219.27000427246094
2023-11-07,179.7138214111328,131.3218231201172,353.70660400390625,222.17999267578125
2023-11-08,180.77142333984375,132.17486572265625,356.3261413574219,222.11000061035156
2023-11-09,180.29698181152344,130.61766052246094,353.8636779785156,209.97999572753906
2023-11-10,184.48348999023438,132.96832275390625,362.6736755371094,214.64999389648438
2023-11-13,182.89996337890625,132.5517578125,359.74029541015625,223.7100067138672
2023-11-14,185.51280212402344,134.32717895507812,363.2623291015625,237.41000366210938
2023-11-15,186.07693481445312,135.2694549560547,363.40985107421875,242.83999633789062
2023-11-16,187.7594757080078,137.570556640625,369.7996826171875,233.58999633789062
2023-11-17,187.7396697998047,135.82489013671875,363.58673095703125,234.3000030517578
2023-11-20,189.4815673828125,136.796875,371.0481872558594,235.60000610351562
2023-11-21,188.67990112304688,137.49118041992188,366.752197265625,241.1999969482422
2023-11-22,189.343017578125,138.87982177734375,371.4512634277344,234.2100067138672
2023-11-24,188.01681518554688,137.09446716308594,371.0383605957031,235.4499969482422
2023-11-27,187.83863830566406,136.92587280273438,372.1983337402344,236.0800018310547
2023-11-28,188.4423828125,137.49118041992188,376.2191467285156,246.72000122070312
2023-11-29,187.4229278564453,135.28927612304688,372.4343566894531,244.13999938964844
2023-11-30,187.9969940185547,132.8294677734375,372.4933166503906,240.0800018310547
2023-12-01,189.2737274169922,132.23435974121094,368.1678466796875,238.8300018310547
2023-12-04,187.4823455810547,129.5662841796875,362.8887939453125,235.5800018310547
2023-12-05,191.43128967285156,131.3119354248047,366.2114562988281,238.72000122070312
2023-12-06,190.34263610839844,130.3597412109375,362.55450439453125,239.3699951171875
2023-12-07,192.2725830078125,137.3225860595703,364.6681213378906,242.63999938964844
2023-12-08,193.69776916503906,135.52734375,367.8926086425781,243.83999633789062
2023-12-11,191.19378662109375,133.60311889648438,365.01214599609375,239.74000549316406
2023-12-12,192.7080535888672,132.5517578125,368.03997802734375,237.00999450683594
2023-12-13,195.92466735839844,132.8790740966797,368.03021240234375,239.2899932861328
2023-12-14,196.07308959960938,132.11532592773438,359.7331237792969,251.0500030517578
2023-12-15,195.5386505126953,132.7501220703125,364.45184326171875,253.5
2023-12-18,193.87591552734375,136.0728302001953,366.3393249511719,252.0800018310547
2023-12-19,194.91514587402344,136.9754638671875,366.93896484375,257.2200012207031
2023-12-20,192.82684326171875,138.52273559570312,364.3436584472656,247.13999938964844
2023-12-21,192.6783447265625,140.6453094482422,367.2142639160156,254.5
2023-12-22,191.6094970703125,141.55784606933594,368.23663330078125,252.5399932861328
2023-12-26,191.0651397705078,141.65701293945312,368.3152770996094,256.6099853515625
2023-12-27,191.16407775878906,140.28823852539062,367.7352600097656,261.44000244140625
2023-12-28,191.5896453857422,140.12954711914062,368.92474365234375,253.17999267578125
2023-12-29,190.55044555664062,139.78237915039062,369.6719665527344,248.47999572753906
